date,open,high,low,close,volume,Name
2013-02-08,45.07,45.35,45.0,45.08,1824755,A
2013-02-11,45.17,45.18,44.45,44.6,2915405,A
2013-02-12,44.81,44.95,44.5,44.62,2373731,A
2013-02-13,44.81,45.24,44.68,44.75,2052338,A
2013-02-14,44.72,44.78,44.36,44.58,3826245,A
2013-02-15,43.48,44.24,42.21,42.25,14657315,A
2013-02-19,42.21,43.12,42.21,43.01,4116141,A
2013-02-20,42.84,42.85,42.225,42.24,3873183,A
2013-02-21,42.14,42.14,41.47,41.63,3415149,A
2013-02-22,41.83,42.07,41.58,41.8,3354862,A
2013-02-25,42.09,42.22,41.29,41.29,3622460,A
2013-02-26,40.62,41.29,40.19,40.97,6185811,A
2013-02-27,40.99,41.905,40.83,41.73,3564385,A
2013-02-28,41.78,42.06,41.45,41.48,3464202,A
2013-03-01,41.18,41.98,40.73,41.93,3089323,A
2013-03-04,41.75,42.18,41.52,42.03,2435306,A
2013-03-05,42.35,43.19,42.34,42.66,3289188,A
2013-03-06,43.0,43.52,42.9,43.24,2996908,A
2013-03-07,43.3,43.48,42.81,43.25,2414186,A
2013-03-08,43.5,43.52,43.02,43.03,3256301,A
2013-03-11,42.99,43.01,41.73,42.81,5472837,A
2013-03-12,42.8,43.0,42.59,42.62,3767613,A
2013-03-13,42.56,43.05,42.4,43.0,2241086,A
2013-03-14,43.03,43.38,43.0,43.32,2840603,A
2013-03-15,43.1,43.22,42.88,43.01,2579690,A
2013-03-18,42.46,42.7,42.18,42.55,1847766,A
2013-03-19,42.68,42.82,41.59,42.0,6246443,A
2013-03-20,42.25,42.785,42.22,42.7,3240314,A
2013-03-21,42.45,42.76,41.63,41.65,4409084,A
2013-03-22,41.79,41.79,40.91,41.25,5425027,A
2013-03-25,41.49,41.654,40.79,41.13,2797510,A
2013-03-26,41.4,41.82,41.32,41.82,2513554,A
2013-03-27,41.4,42.19,41.21,42.09,3369968,A
2013-03-28,42.08,42.08,41.4995,41.97,2147900,A
2013-04-01,41.83,41.9771,40.79,40.93,2541331,A
2013-04-02,41.12,41.36,40.59,40.66,2354390,A
2013-04-03,40.63,40.99,40.32,40.52,5278950,A
2013-04-04,40.54,41.47,40.54,41.41,3918841,A
2013-04-05,40.73,41.85,40.67,41.54,4959134,A
2013-04-08,41.44,41.7425,41.17,41.66,2395400,A
2013-04-09,41.73,42.13,41.53,41.65,1659420,A
2013-04-10,41.73,42.37,41.665,42.26,2169261,A
2013-04-11,42.35,43.93,42.3301,43.86,5626492,A
2013-04-12,43.54,44.785,43.43,44.75,6083564,A
2013-04-15,44.5,44.54,42.945,43.04,7750724,A
2013-04-16,43.46,43.75,42.84,43.39,4505330,A
2013-04-17,43.08,43.11,41.93,42.19,4492937,A
2013-04-18,41.77,42.25,41.4798,41.83,3976804,A
2013-04-19,41.89,42.22,41.65,42.0,3075803,A
2013-04-22,42.03,42.25,41.34,41.85,2340457,A
2013-04-23,42.21,42.8425,42.13,42.61,3522419,A
2013-04-24,42.72,43.035,42.37,42.85,3020692,A
2013-04-25,43.05,43.25,42.66,42.73,2119838,A
2013-04-26,42.44,42.57,40.69,41.3,5283798,A
2013-04-29,41.64,41.68,41.05,41.46,2541961,A
2013-04-30,41.2,41.66,40.95,41.44,3451449,A
2013-05-01,41.42,41.74,41.26,41.31,2726213,A
2013-05-02,41.49,41.72,41.236,41.48,3437642,A
2013-05-03,41.93,42.55,41.54,41.55,4741565,A
2013-05-06,41.44,42.12,41.39,42.0,2819360,A
2013-05-07,42.18,42.41,41.9,42.4,3524022,A
2013-05-08,42.4,42.95,42.3,42.94,2119765,A
2013-05-09,42.97,43.195,42.63,43.16,3159293,A
2013-05-10,43.12,43.85,43.04,43.63,4662252,A
2013-05-13,43.43,43.56,42.72,43.04,4260335,A
2013-05-14,42.98,44.06,42.882,43.97,6075845,A
2013-05-15,44.9,46.49,44.89,45.68,10289000,A
2013-05-16,45.43,45.84,44.97,44.99,4890962,A
2013-05-17,45.02,45.83,44.99,45.56,3247851,A
2013-05-20,45.48,47.45,45.39,46.34,5698804,A
2013-05-21,46.3,46.96,46.21,46.75,4020941,A
2013-05-22,46.72,47.473,46.07,46.24,5421887,A
2013-05-23,45.7,45.93,45.195,45.74,3777408,A
2013-05-24,45.36,45.69,45.25,45.59,2225361,A
2013-05-28,46.09,46.94,46.09,46.43,4793962,A
2013-05-29,45.98,46.35,45.4,46.05,3621114,A
2013-05-30,46.21,47.05,46.01,46.05,3090824,A
2013-05-31,45.91,46.47,45.43,45.45,4609273,A
2013-06-03,45.65,45.84,45.04,45.51,3677473,A
2013-06-04,46.175,46.45,45.38,45.42,3364296,A
2013-06-05,45.32,45.38,44.5,44.53,2495073,A
2013-06-06,44.5,45.01,44.21,45.01,3781151,A
2013-06-07,45.16,45.92,44.94,45.15,2781171,A
2013-06-10,45.35,45.35,44.485,44.73,2730800,A
2013-06-11,44.22,44.63,44.0,44.4,3914328,A
2013-06-12,44.78,44.828,43.795,43.92,2730633,A
2013-06-13,43.87,44.56,43.66,44.49,2594941,A
2013-06-14,44.34,44.57,43.85,44.0,1677669,A
2013-06-17,44.38,44.869,44.185,44.38,2000122,A
2013-06-18,44.38,44.81,44.2701,44.8,2522376,A
2013-06-19,44.74,44.8796,43.5,43.52,5805826,A
2013-06-20,43.11,43.11,41.85,42.32,6307980,A
2013-06-21,42.6,43.23,42.37,42.98,3656145,A
2013-06-24,42.44,42.75,42.07,42.31,2871453,A
2013-06-25,42.01,42.82,42.01,42.48,2939595,A
2013-06-26,43.1,43.29,42.28,42.34,3693707,A
2013-06-27,42.56,43.29,42.52,43.08,3447018,A
2013-06-28,43.0,43.305,42.73,42.76,5556673,A
2013-07-01,43.05,43.77,42.91,43.59,4283821,A
2013-07-02,43.5,43.89,42.95,43.09,2986405,A
2013-07-03,42.82,43.46,42.72,43.17,1940832,A
2013-07-05,43.46,44.295,43.4,44.23,2100873,A
2013-07-08,44.38,44.67,44.12,44.36,2572391,A
2013-07-09,44.6,44.96,44.34,44.6,3476214,A
2013-07-10,44.64,45.65,44.51,45.31,3277684,A
2013-07-11,45.69,45.98,45.43,45.72,2131803,A
2013-07-12,45.78,45.95,45.5838,45.75,1978819,A
2013-07-15,45.7,46.275,45.68,46.11,2433181,A
2013-07-16,46.09,46.47,45.775,45.91,2026749,A
2013-07-17,45.95,46.1,45.57,45.61,1196543,A
2013-07-18,45.66,46.05,45.55,45.9,1999719,A
2013-07-19,45.83,46.275,45.69,46.2,1179308,A
2013-07-22,46.23,46.85,46.1,46.8,1836733,A
2013-07-23,46.31,46.84,46.31,46.47,2934199,A
2013-07-24,46.67,46.81,46.495,46.76,1831121,A
2013-07-25,46.62,46.9,46.39,46.66,1420233,A
2013-07-26,46.31,46.56,45.4322,45.6,3694988,A
2013-07-29,45.59,45.7,44.98,45.34,1962142,A
2013-07-30,45.55,45.6,44.82,44.85,2791858,A
2013-07-31,45.04,45.3,44.66,44.73,2807402,A
2013-08-01,45.51,46.2,45.32,46.04,2745041,A
2013-08-02,46.06,46.51,45.9901,46.38,2387817,A
2013-08-05,46.26,46.4,45.8,45.94,1875418,A
2013-08-06,45.93,46.215,45.61,46.08,2280909,A
2013-08-07,45.88,46.46,45.62,46.28,1702122,A
2013-08-08,46.5,46.55,45.64,45.85,1702407,A
2013-08-09,45.85,46.46,45.81,46.22,1958449,A
2013-08-12,45.89,46.51,45.72,46.45,1247241,A
2013-08-13,46.45,46.98,46.24,46.92,2078213,A
2013-08-14,46.77,47.0,46.37,46.51,1989871,A
2013-08-15,47.59,48.17,46.85,46.96,6708341,A
2013-08-16,46.81,47.22,46.52,46.79,3624694,A
2013-08-19,46.63,46.94,46.42,46.44,1727559,A
2013-08-20,46.43,47.2699,46.17,47.03,2294328,A
2013-08-21,46.93,47.24,46.64,46.89,1949054,A
2013-08-22,46.89,48.33,46.8,47.97,3147986,A
2013-08-23,47.96,48.0,47.54,47.68,1702511,A
2013-08-26,47.64,48.205,47.39,47.6,2012701,A
2013-08-27,47.08,47.39,46.8,46.97,2138064,A
2013-08-28,46.88,46.97,46.51,46.74,1590425,A
2013-08-29,46.63,47.03,46.42,46.8,1900662,A
2013-08-30,46.89,46.98,46.37,46.64,1358573,A
2013-09-03,47.04,47.51,46.615,46.93,1565632,A
2013-09-04,46.93,47.96,46.74,47.87,2522043,A
2013-09-05,47.82,48.09,47.58,47.68,1313188,A
2013-09-06,47.71,47.79,47.13,47.43,1332857,A
2013-09-09,47.59,48.0485,47.29,47.95,1668867,A
2013-09-10,48.04,48.67,48.04,48.55,1821283,A
2013-09-11,48.6,49.02,48.22,48.96,1783424,A
2013-09-12,48.9,48.94,48.49,48.62,1468485,A
2013-09-13,48.6,48.62,48.23,48.46,2141143,A
2013-09-16,49.06,49.18,48.58,48.74,1861513,A
2013-09-17,48.73,49.32,48.62,48.87,1578387,A
2013-09-18,48.77,49.35,48.29,49.32,2044234,A
2013-09-19,52.92,53.47,50.749,50.98,18146408,A
2013-09-20,51.035,52.39,50.98,52.15,10692052,A
2013-09-23,51.91,52.24,51.38,51.67,2716907,A
2013-09-24,51.61,51.92,51.2,51.6,2185721,A
2013-09-25,51.59,52.13,51.44,51.83,2865074,A
2013-09-26,51.96,52.12,51.46,52.09,2680307,A
2013-09-27,51.84,52.1,51.4,51.63,2110103,A
2013-09-30,51.02,51.615,50.75,51.25,2650001,A
2013-10-01,50.7,52.08,50.7,51.9,2997047,A
2013-10-02,51.59,51.71,51.15,51.57,2020794,A
2013-10-03,51.56,51.57,50.91,51.06,1878510,A
2013-10-04,51.17,51.86,51.07,51.78,1867889,A
2013-10-07,51.34,51.59,51.07,51.13,1382107,A
2013-10-08,51.18,51.33,49.89,50.13,2415258,A
2013-10-09,50.23,50.38,49.39,49.95,2430595,A
2013-10-10,50.29,51.2,50.29,50.99,2426300,A
2013-10-11,50.88,51.67,50.66,51.46,1500903,A
2013-10-14,51.2,51.43,50.51,51.36,2110504,A
2013-10-15,51.08,51.19,50.6,50.88,1961896,A
2013-10-16,51.22,51.99,50.94,51.56,2450818,A
2013-10-17,51.25,52.7,51.13,52.65,3548418,A
2013-10-18,52.93,53.24,52.63,52.99,2880870,A
2013-10-21,53.04,53.14,51.9,51.99,2556379,A
2013-10-22,52.1,52.2,50.84,51.02,4280543,A
2013-10-23,50.76,50.88,50.3,50.65,2348591,A
2013-10-24,50.67,51.22,50.67,51.12,1785894,A
2013-10-25,51.34,51.91,51.09,51.87,2398266,A
2013-10-28,51.79,51.98,51.12,51.49,1778672,A
2013-10-29,51.52,51.9,51.23,51.7,1193955,A
2013-10-30,51.76,51.82,50.86,51.15,1360046,A
2013-10-31,51.15,51.33,50.45,50.76,1895510,A
2013-11-01,50.92,51.58,50.84,51.1,1931035,A
2013-11-04,51.39,51.46,50.95,51.21,1409928,A
2013-11-05,51.18,51.36,50.854,51.21,1578131,A
2013-11-06,51.19,51.32,50.8,51.04,1432940,A
2013-11-07,51.08,51.195,49.84,50.05,3548823,A
2013-11-08,50.14,50.94,50.01,50.78,1860654,A
2013-11-11,50.63,51.41,50.518,51.3,1984482,A
2013-11-12,51.2,51.4,50.76,51.2,2357218,A
2013-11-13,50.89,51.3,50.66,51.2,2110086,A
2013-11-14,51.2,51.2,50.36,50.54,2825818,A
2013-11-15,54.03,55.74,53.6902,54.93,11014343,A
2013-11-18,54.45,54.98,53.67,54.05,4131521,A
2013-11-19,53.67,54.19,53.55,53.82,2473023,A
2013-11-20,53.83,54.255,53.465,53.53,2321500,A
2013-11-21,53.8,54.55,53.7,54.1,2417644,A
2013-11-22,54.1,54.3399,53.75,53.85,1910762,A
2013-11-25,54.11,54.13,53.02,53.11,1750170,A
2013-11-26,53.26,53.93,53.23,53.65,3196344,A
2013-11-27,53.78,54.0,53.64,53.81,1189764,A
2013-11-29,53.85,53.97,53.46,53.57,870409,A
2013-12-02,53.47,53.67,53.11,53.21,1459197,A
2013-12-03,52.92,53.17,52.56,52.93,2478051,A
2013-12-04,52.84,53.83,52.72,53.58,2415795,A
2013-12-05,53.35,53.8,53.115,53.5,1810391,A
2013-12-06,53.76,54.93,53.76,54.83,3053347,A
2013-12-09,54.8,55.43,54.74,55.06,2118503,A
2013-12-10,54.91,55.46,54.63,55.34,2326895,A
2013-12-11,55.35,55.69,54.68,54.84,2349926,A
2013-12-12,54.63,55.52,54.3,55.26,2714297,A
2013-12-13,55.36,55.9,54.9,55.16,2022610,A
2013-12-16,55.25,55.79,55.07,55.24,1685454,A
2013-12-17,55.96,57.29,55.81,56.37,3209227,A
2013-12-18,56.5,57.94,56.37,57.89,4136283,A
2013-12-19,57.57,57.83,57.07,57.38,1893211,A
2013-12-20,57.47,57.67,56.91,56.96,2954031,A
2013-12-23,57.45,57.655,57.12,57.54,1578464,A
2013-12-24,57.5,57.61,57.17,57.23,779696,A
2013-12-26,57.24,57.71,57.24,57.46,714431,A
2013-12-27,57.23,57.42,57.12,57.17,653055,A
2013-12-30,57.05,57.46,56.92,57.32,1127980,A
2013-12-31,57.45,57.55,57.08,57.19,941447,A
2014-01-02,57.1,57.1,56.15,56.21,1916160,A
2014-01-03,56.39,57.345,56.26,56.92,1866651,A
2014-01-06,57.4,57.7,56.56,56.64,1777472,A
2014-01-07,56.95,57.63,56.93,57.45,1463208,A
2014-01-08,57.33,58.54,57.17,58.39,2659468,A
2014-01-09,58.4,58.68,57.87,58.41,1757647,A
2014-01-10,58.51,59.01,58.14,58.93,1623330,A
2014-01-13,58.77,59.1,58.6,58.93,2946738,A
2014-01-14,59.16,59.95,59.02,59.88,2562236,A
2014-01-15,59.82,60.365,59.585,60.34,2335194,A
2014-01-16,60.24,60.5,60.04,60.5,1835957,A
2014-01-17,60.83,60.83,60.33,60.71,1699534,A
2014-01-21,60.69,60.88,59.86,60.85,3008458,A
2014-01-22,60.82,61.22,60.71,60.93,2769350,A
2014-01-23,60.48,60.51,59.405,59.47,3063559,A
2014-01-24,59.22,59.46,57.71,57.87,2656341,A
2014-01-27,57.9,58.37,56.98,58.3,4669012,A
2014-01-28,58.5,58.88,57.91,58.1,2536290,A
2014-01-29,57.67,58.2174,57.41,57.65,2163031,A
2014-01-30,58.42,60.11,58.42,59.51,3743153,A
2014-01-31,58.61,59.15,58.05,58.15,3529054,A
2014-02-03,58.15,58.48,56.075,56.15,2929252,A
2014-02-04,56.32,57.88,56.09,57.81,2911877,A
2014-02-05,57.58,57.7,56.96,57.43,2283870,A
2014-02-06,57.51,58.35,57.46,58.29,1609451,A
2014-02-07,58.46,59.465,58.13,59.42,1975290,A
2014-02-10,59.27,59.44,58.29,59.01,1760468,A
2014-02-11,59.0,60.0,58.88,59.73,2148202,A
2014-02-12,60.0,60.46,59.67,59.89,2347270,A
2014-02-13,59.45,60.38,59.37,60.08,3097011,A
2014-02-14,57.15,57.77,54.87,55.25,17862776,A
2014-02-18,55.38,56.04,54.96,55.15,6553839,A
2014-02-19,55.01,56.65,54.9,55.94,4838795,A
2014-02-20,56.14,57.535,56.045,57.29,4629755,A
2014-02-21,57.25,57.4,56.32,56.34,2407171,A
2014-02-24,56.45,56.98,56.4,56.75,2392783,A
2014-02-25,56.8,57.57,56.75,56.89,3375173,A
2014-02-26,56.98,57.62,56.75,57.1,2400946,A
2014-02-27,57.02,57.28,56.19,56.36,3123781,A
2014-02-28,56.45,57.11,56.4,56.93,2876261,A
2014-03-03,56.12,57.12,55.785,56.71,2488373,A
2014-03-04,57.22,58.0,56.98,57.78,2841919,A
2014-03-05,57.71,58.0,57.555,57.8,3113546,A
2014-03-06,58.39,59.32,58.14,58.77,5178833,A
2014-03-07,59.06,59.2,57.52,58.42,3247154,A
2014-03-10,58.29,58.34,57.6,58.15,2563418,A
2014-03-11,58.23,58.3,56.5,56.86,3421731,A
2014-03-12,56.52,57.08,56.01,57.06,1652324,A
2014-03-13,57.16,57.4,55.77,55.85,2318832,A
2014-03-14,55.61,55.98,55.23,55.44,1745218,A
2014-03-17,55.68,56.41,55.48,55.8,1437471,A
2014-03-18,55.97,56.81,55.84,56.79,1294681,A
2014-03-19,56.72,57.15,56.18,56.63,1804350,A
2014-03-20,56.54,56.93,56.16,56.7,1808447,A
2014-03-21,57.18,57.78,55.96,56.09,2762931,A
2014-03-24,56.08,56.23,54.66,55.26,1985703,A
2014-03-25,55.5,56.21,54.98,55.16,1727269,A
2014-03-26,55.4,55.99,55.16,55.17,2560731,A
2014-03-27,55.6,55.6,54.22,54.69,2972614,A
2014-03-28,54.85,55.25,54.42,54.69,2006941,A
2014-03-31,54.97,56.05,54.57,55.92,2190772,A
2014-04-01,56.2,56.62,55.835,56.36,2090720,A
2014-04-02,56.42,56.7,56.2,56.67,1919493,A
2014-04-03,56.77,57.14,56.27,56.6,1603010,A
2014-04-04,57.1,57.24,55.55,55.57,2307668,A
2014-04-07,55.56,55.66,53.94,54.35,2584538,A
2014-04-08,54.21,55.0,53.82,54.66,1842491,A
2014-04-09,55.44,55.61,54.375,55.57,2017519,A
2014-04-10,55.57,55.637,53.9,54.05,1966409,A
2014-04-11,53.69,54.05,52.65,52.77,2591968,A
2014-04-14,53.19,53.249,52.3075,52.65,2840577,A
2014-04-15,52.84,53.36,51.96,53.11,2172515,A
2014-04-16,53.55,53.77,53.25,53.68,1243513,A
2014-04-17,53.74,54.89,53.61,54.65,2061997,A
2014-04-21,54.61,54.8,54.33,54.69,1185867,A
2014-04-22,54.7,55.6,54.53,54.97,1475541,A
2014-04-23,54.85,55.2,54.571,55.01,894232,A
2014-04-24,55.23,55.52,54.56,55.28,1806441,A
2014-04-25,55.25,55.25,54.07,54.39,1580495,A
2014-04-28,54.85,54.93,52.86,53.73,3009046,A
2014-04-29,53.29,53.55,51.97,53.3,3359741,A
2014-04-30,53.43,54.07,53.02,54.04,1678627,A
2014-05-01,53.94,54.87,53.66,54.47,1472407,A
2014-05-02,54.5,54.99,54.09,54.54,2080946,A
2014-05-05,54.31,55.345,53.888,55.33,2087256,A
2014-05-06,55.08,55.45,54.46,55.01,2224227,A
2014-05-07,55.13,55.13,54.27,55.03,2219204,A
2014-05-08,55.03,56.14,54.69,55.3,2209139,A
2014-05-09,55.26,55.63,54.81,55.39,1287905,A
2014-05-12,55.58,56.62,55.47,56.41,2042132,A
2014-05-13,56.63,56.98,56.4,56.83,1465527,A
2014-05-14,56.78,56.79,55.7,55.85,2591684,A
2014-05-15,54.6,56.15,53.75,54.49,5740663,A
2014-05-16,54.39,55.13,53.92,55.03,2405753,A
2014-05-19,54.9,55.226,54.7,54.97,2742131,A
2014-05-20,54.87,54.96,54.209,54.31,1840126,A
2014-05-21,54.58,55.14,54.44,54.99,1102300,A
2014-05-22,55.0,55.71,54.89,55.54,1686139,A
2014-05-23,55.65,56.22,55.175,56.18,3510829,A
2014-05-27,56.31,56.5,56.03,56.28,1190619,A
2014-05-28,56.41,57.23,56.31,57.11,1807185,A
2014-05-29,57.18,57.38,56.64,56.96,1558720,A
2014-05-30,56.87,57.11,56.24,56.94,2547039,A
2014-06-02,56.96,56.99,56.3,56.89,1274846,A
2014-06-03,56.73,57.49,56.68,57.22,1842298,A
2014-06-04,57.02,57.48,56.96,57.45,1145664,A
2014-06-05,57.45,58.75,57.41,58.6,1833063,A
2014-06-06,58.58,59.28,58.37,59.01,1285879,A
2014-06-09,59.0,59.58,58.7,59.28,1188782,A
2014-06-10,59.16,59.25,58.58,58.89,1267805,A
2014-06-11,58.33,59.13,58.31,58.91,1410610,A
2014-06-12,58.9,59.0,58.2,58.4,1677989,A
2014-06-13,58.53,58.87,58.18,58.5,1054865,A
2014-06-16,58.57,58.86,58.15,58.32,1174434,A
2014-06-17,58.27,59.2,58.1901,58.87,1328510,A
2014-06-18,58.86,59.32,58.53,59.27,1114749,A
2014-06-19,59.2,59.54,58.15,58.62,3149546,A
2014-06-20,57.84,59.055,57.84,58.77,2029378,A
2014-06-23,58.71,58.86,57.97,58.11,1435625,A
2014-06-24,58.03,58.49,57.58,57.65,1125825,A
2014-06-25,57.61,58.1,57.41,57.97,1060501,A
2014-06-26,57.99,58.06,57.4,57.82,1102367,A
2014-06-27,57.52,58.14,57.175,57.5,1519046,A
2014-06-30,57.5,57.76,57.18,57.44,1314906,A
2014-07-01,57.74,58.44,57.38,58.25,2010785,A
2014-07-02,58.13,58.59,57.78,58.05,1414957,A
2014-07-03,58.19,58.54,58.021,58.46,600744,A
2014-07-07,58.2,58.25,57.85,58.12,949243,A
2014-07-08,57.84,57.925,56.92,57.15,1615912,A
2014-07-09,57.05,57.08,56.52,56.9,1278504,A
2014-07-10,56.41,56.63,56.01,56.49,1189340,A
2014-07-11,56.33,56.74,56.15,56.6,1183288,A
2014-07-14,56.92,57.07,56.6175,56.82,1487761,A
2014-07-15,56.7,56.88,56.15,56.66,2094496,A
2014-07-16,56.88,57.1,56.83,56.96,1868521,A
2014-07-17,56.47,56.5,55.135,55.15,4404085,A
2014-07-18,55.42,56.25,55.29,56.15,1706174,A
2014-07-21,55.86,56.945,55.79,56.71,1983914,A
2014-07-22,57.0,58.17,56.95,57.72,2411722,A
2014-07-23,58.11,58.31,57.445,57.47,1453645,A
2014-07-24,57.6,57.74,56.71,56.84,2534358,A
2014-07-25,56.52,56.735,56.35,56.53,1719615,A
2014-07-28,56.49,56.53,55.89,56.29,1510223,A
2014-07-29,56.29,56.36,55.875,56.03,2003109,A
2014-07-30,56.22,56.805,56.02,56.78,1371335,A
2014-07-31,56.22,56.58,55.83,56.09,2708121,A
2014-08-01,56.19,56.4,55.59,56.26,957560,A
2014-08-04,56.19,56.4,55.59,56.26,957560,A
2014-08-05,55.9,56.11,55.1,55.24,1733728,A
2014-08-06,55.23,55.72,54.9,55.59,1568834,A
2014-08-07,55.98,56.0,54.98,55.05,1628472,A
2014-08-08,55.31,55.32,54.86,55.24,1766002,A
2014-08-11,55.44,55.65,55.06,55.2,1252725,A
2014-08-12,54.99,55.07,54.3,54.34,2642075,A
2014-08-13,54.48,54.97,54.189,54.78,1721261,A
2014-08-14,54.78,55.63,54.45,55.62,3478558,A
2014-08-15,58.95,59.06,57.35,57.58,5578794,A
2014-08-18,57.75,58.62,57.35,58.52,2761606,A
2014-08-19,58.52,58.75,58.16,58.56,1192963,A
2014-08-20,58.32,58.41,57.94,58.33,1846569,A
2014-08-21,58.36,58.48,57.97,57.99,1228385,A
2014-08-22,57.9,58.04,57.48,57.64,1439567,A
2014-08-25,57.88,58.15,57.58,57.74,967137,A
2014-08-26,57.75,57.9,57.5377,57.85,888727,A
2014-08-27,58.0,58.0,57.29,57.38,1193004,A
2014-08-28,57.14,57.53,56.98,57.15,1395449,A
2014-08-29,57.33,57.5,57.08,57.16,1979934,A
2014-09-02,57.23,58.1,57.23,58.07,2015566,A
2014-09-03,58.21,58.46,57.88,58.06,1478032,A
2014-09-04,58.12,58.49,57.6,57.69,790594,A
2014-09-05,57.58,58.05,57.3,57.92,908184,A
2014-09-08,57.72,57.96,57.495,57.65,1345766,A
2014-09-09,57.69,57.8,57.45,57.45,1286053,A
2014-09-10,57.6,57.83,57.175,57.69,1477856,A
2014-09-11,57.52,57.72,57.41,57.59,995855,A
2014-09-12,57.61,58.63,57.61,58.6,2590395,A
2014-09-15,58.5,58.5,57.74,57.92,1621086,A
2014-09-16,57.82,58.11,57.37,57.91,1379832,A
2014-09-17,58.0,58.99,57.92,58.89,2710468,A
2014-09-18,59.2,59.4,58.31,58.4,2867046,A
2014-09-19,58.82,58.98,58.1,58.25,2173992,A
2014-09-22,58.13,58.19,57.27,57.55,1686631,A
2014-09-23,57.25,57.48,56.91,56.98,1632282,A
2014-09-24,56.88,58.04,56.78,57.96,1650529,A
2014-09-25,57.86,57.99,56.89,56.89,1629584,A
2014-09-26,56.79,56.94,56.07,56.5,2218441,A
2014-09-29,56.04,57.179,55.92,57.15,1626565,A
2014-09-30,57.21,57.4,56.82,56.98,2120557,A
2014-10-01,56.85,56.93,56.18,56.2,2481276,A
2014-10-02,56.13,56.24,55.29,55.83,1708052,A
2014-10-03,56.23,57.01,56.16,56.91,1577280,A
2014-10-06,57.06,57.16,56.43,56.57,1157370,A
2014-10-07,56.25,56.33,55.0,55.0,1515558,A
2014-10-08,55.06,56.52,54.8,56.46,2124682,A
2014-10-09,56.28,56.28,55.03,55.03,2526263,A
2014-10-10,54.91,55.02,53.42,53.64,5133638,A
2014-10-13,53.73,54.23,52.73,52.79,2527277,A
2014-10-14,53.04,53.39,51.77,51.79,3972861,A
2014-10-15,50.87,51.88,49.8,51.79,4723905,A
2014-10-16,50.78,52.12,50.55,51.71,5362096,A
2014-10-17,52.17,53.41,52.02,52.27,3810818,A
2014-10-20,52.07,52.38,50.86,52.35,4942206,A
2014-10-21,52.86,54.03,52.86,54.0,2231876,A
2014-10-22,53.77,53.86,52.99,53.05,2161086,A
2014-10-23,53.59,54.21,53.59,53.71,1754719,A
2014-10-24,53.7,54.11,53.51,54.05,1508194,A
2014-10-27,53.94,54.11,53.6,53.99,1105293,A
2014-10-28,54.12,54.67,53.88,54.66,1714329,A
2014-10-29,54.59,54.68,54.13,54.5,1484268,A
2014-10-30,53.91,54.38,53.75,54.32,2504261,A
2014-10-31,55.21,55.41,54.85,55.28,2087828,A
2014-11-03,39.9,41.24,39.49,40.84,4559916,A
2014-11-04,40.26,40.83,39.84,40.18,5765189,A
2014-11-05,40.61,40.67,39.98,40.13,2341387,A
2014-11-06,40.39,41.405,40.26,41.37,2968264,A
2014-11-07,41.39,41.48,40.86,40.93,2458734,A
2014-11-10,40.98,41.55,40.88,41.53,2583931,A
2014-11-11,41.52,42.11,41.34,41.66,2163823,A
2014-11-12,41.3,41.54,41.02,41.45,2504261,A
2014-11-13,41.55,41.74,41.26,41.45,1805461,A
2014-11-14,41.36,41.65,41.29,41.57,1331282,A
2014-11-17,41.57,41.7,41.21,41.24,2697164,A
2014-11-18,40.25,41.16,40.05,40.8,5891377,A
2014-11-19,40.82,41.33,40.7,40.8,4012147,A
2014-11-20,40.56,41.427,40.56,41.26,2303826,A
2014-11-21,41.75,42.38,41.7,42.25,5306170,A
2014-11-24,42.44,42.5,41.99,42.25,2122424,A
2014-11-25,42.33,42.87,42.31,42.71,2713879,A
2014-11-26,42.68,42.865,42.53,42.74,1752695,A
2014-11-28,42.74,42.985,42.59,42.74,1091780,A
2014-12-01,42.69,42.73,41.58,41.59,4411159,A
2014-12-02,41.6,42.1,41.55,41.98,2014436,A
2014-12-03,41.98,42.37,41.82,42.23,2250275,A
2014-12-04,42.15,42.68,42.02,42.27,1346823,A
2014-12-05,42.23,42.49,42.08,42.3,1019549,A
2014-12-08,42.23,42.51,41.415,41.51,1425753,A
2014-12-09,40.99,41.43,40.98,41.4,1803210,A
2014-12-10,41.36,41.36,40.31,40.34,2654911,A
2014-12-11,40.5,41.18,40.49,40.62,1640864,A
2014-12-12,40.2,40.62,39.71,39.72,2335765,A
2014-12-15,40.07,40.17,38.65,38.68,4510349,A
2014-12-16,38.3,39.48,38.1,38.47,3849394,A
2014-12-17,38.34,39.99,38.09,39.76,3508188,A
2014-12-18,40.48,40.8,40.11,40.7,3104066,A
2014-12-19,40.9,41.43,40.86,41.38,3736336,A
2014-12-22,41.38,41.88,41.38,41.88,1590221,A
2014-12-23,41.98,42.01,41.36,41.37,1872341,A
2014-12-24,41.42,41.525,40.96,41.13,1426901,A
2014-12-26,41.34,41.57,41.29,41.38,588034,A
2014-12-29,41.36,41.57,41.312,41.33,976423,A
2014-12-30,41.21,41.59,41.14,41.37,1323452,A
2014-12-31,41.39,41.79,40.9,40.94,1423993,A
2015-01-02,41.18,41.31,40.37,40.56,1530798,A
2015-01-05,40.32,40.46,39.7,39.8,2042240,A
2015-01-06,39.81,40.02,39.02,39.18,2084562,A
2015-01-07,39.52,39.81,39.29,39.7,3359660,A
2015-01-08,40.24,40.98,40.18,40.89,2116341,A
2015-01-09,41.0,41.0,40.29,40.59,1644939,A
2015-01-12,40.61,40.72,39.95,40.11,2771191,A
2015-01-13,40.47,40.7,39.33,39.55,2013474,A
2015-01-14,39.03,39.1,38.21,39.06,5134006,A
2015-01-15,39.33,39.408,37.99,38.01,2630296,A
2015-01-16,37.83,38.46,37.76,38.25,3003980,A
2015-01-20,38.43,38.66,37.76,37.93,5033605,A
2015-01-21,37.75,38.41,37.68,38.16,2721609,A
2015-01-22,38.51,39.86,38.12,39.65,4856573,A
2015-01-23,39.6,39.6,38.76,38.81,1519250,A
2015-01-26,38.79,39.17,38.47,39.15,1511214,A
2015-01-27,38.7,39.25,38.58,38.75,1703508,A
2015-01-28,39.01,39.05,37.96,38.0,2033523,A
2015-01-29,38.0,38.47,37.69,38.46,2329983,A
2015-01-30,38.01,38.32,37.71,37.77,3054313,A
2015-02-02,37.9,38.76,37.71,38.69,2508493,A
2015-02-03,39.04,39.63,38.92,39.62,2950375,A
2015-02-04,39.33,39.46,38.82,39.11,2567439,A
2015-02-05,39.22,39.82,39.22,39.53,1826367,A
2015-02-06,39.54,39.81,39.225,39.34,2697212,A
2015-02-09,39.23,39.43,38.95,39.04,3586102,A
2015-02-10,39.31,39.76,38.78,39.67,1408747,A
2015-02-11,39.64,39.81,39.2326,39.33,3337005,A
2015-02-12,39.58,40.06,39.53,40.02,1317705,A
2015-02-13,39.97,40.31,39.91,40.15,2211931,A
2015-02-17,40.01,40.53,39.76,40.52,2875788,A
2015-02-18,41.12,42.2,40.91,41.54,9007218,A
2015-02-19,41.4,41.57,41.04,41.15,3737331,A
2015-02-20,41.09,42.11,40.88,41.95,2971880,A
2015-02-23,41.89,41.96,41.49,41.73,1967913,A
2015-02-24,41.62,42.105,41.6,42.06,1922102,A
2015-02-25,42.34,42.49,42.09,42.2,2343479,A
2015-02-26,42.23,42.38,42.0,42.36,1505418,A
2015-02-27,42.3,42.36,42.045,42.21,1676351,A
2015-03-02,42.34,42.74,42.34,42.7,1847082,A
2015-03-03,42.45,42.57,42.14,42.26,1635437,A
2015-03-04,41.95,42.16,41.73,42.0,1305992,A
2015-03-05,41.99,42.24,41.84,42.22,1376468,A
2015-03-06,41.95,42.05,41.49,41.53,1528564,A
2015-03-09,41.54,41.89,41.435,41.74,1492378,A
2015-03-10,41.22,41.27,40.63,40.63,1961299,A
2015-03-11,40.79,41.125,40.67,40.85,2064355,A
2015-03-12,40.99,41.24,40.97,41.1,2719895,A
2015-03-13,40.96,41.4562,40.515,40.87,4704560,A
2015-03-16,41.16,41.83,41.11,41.81,2551437,A
2015-03-17,41.52,41.69,41.06,41.58,1504881,A
2015-03-18,41.45,42.38,41.17,42.12,1295556,A
2015-03-19,42.05,42.25,41.82,42.21,1085684,A
2015-03-20,42.39,42.53,42.2,42.21,2315472,A
2015-03-23,42.12,42.44,42.0,42.2,1835393,A
2015-03-24,42.13,42.13,41.01,41.09,3625952,A
2015-03-25,41.17,41.695,40.79,40.81,2776181,A
2015-03-26,40.68,40.97,40.3703,40.7,1573740,A
2015-03-27,40.6,41.18,40.58,41.11,1932749,A
2015-03-30,41.52,41.86,41.32,41.72,2064181,A
2015-03-31,41.28,41.78,41.102,41.55,1659179,A
2015-04-01,41.46,41.52,40.72,41.39,2170331,A
2015-04-02,41.47,42.13,41.33,42.05,2135918,A
2015-04-06,41.68,42.2,41.51,41.93,2379808,A
2015-04-07,41.94,42.52,41.87,42.44,3072418,A
2015-04-08,42.43,42.59,42.025,42.26,2443178,A
2015-04-09,42.16,42.59,42.07,42.49,1332519,A
2015-04-10,42.8,43.56,42.57,43.55,3370597,A
2015-04-13,43.59,43.59,42.99,43.04,3708641,A
2015-04-14,42.96,43.2,42.58,43.07,1777705,A
2015-04-15,43.28,43.56,43.18,43.38,1445622,A
2015-04-16,43.14,43.36,43.06,43.13,1070232,A
2015-04-17,42.74,43.05,42.6,42.98,2333369,A
2015-04-20,43.33,43.44,43.15,43.19,1410574,A
2015-04-21,43.42,43.5,42.87,42.89,1719710,A
2015-04-22,42.72,42.84,42.37,42.71,2726140,A
2015-04-23,42.42,42.86,42.24,42.62,3973179,A
2015-04-24,42.71,42.81,42.42,42.49,2200155,A
2015-04-27,42.74,42.77,41.965,41.98,2298298,A
2015-04-28,41.87,42.31,41.57,42.18,1803453,A
2015-04-29,42.04,42.2,41.44,41.96,2160963,A
2015-04-30,41.83,41.94,41.11,41.37,1726312,A
2015-05-01,41.41,41.93,41.24,41.83,1880177,A
2015-05-04,41.88,42.08,41.7,41.94,1073820,A
2015-05-05,41.72,41.85,41.455,41.59,1254801,A
2015-05-06,41.86,41.86,41.36,41.59,934611,A
2015-05-07,41.59,41.85,41.31,41.8,999682,A
2015-05-08,42.23,42.53,42.21,42.5,1034717,A
2015-05-11,42.39,42.83,42.39,42.62,975490,A
2015-05-12,42.36,42.5,41.5,41.91,2617833,A
2015-05-13,42.05,42.39,41.71,41.81,1992774,A
2015-05-14,42.18,42.2251,41.87,42.05,2883667,A
2015-05-15,42.14,42.26,41.99,42.04,2147413,A
2015-05-18,42.05,42.7,41.98,42.63,1966147,A
2015-05-19,41.57,42.83,41.5,42.37,5277345,A
2015-05-20,42.5,42.8378,42.43,42.61,2652326,A
2015-05-21,42.57,42.73,42.2,42.32,2126257,A
2015-05-22,42.27,42.67,42.07,42.5,1484752,A
2015-05-26,42.48,42.63,41.985,42.06,1919645,A
2015-05-27,42.27,42.93,42.1,42.61,2507443,A
2015-05-28,42.45,42.71,41.35,41.75,3347403,A
2015-05-29,41.79,41.83,40.82,41.19,5022554,A
2015-06-01,41.43,41.43,40.85,40.92,2440065,A
2015-06-02,40.94,41.14,40.67,41.11,2947454,A
2015-06-03,41.31,41.36,40.94,41.1,2722286,A
2015-06-04,40.89,41.08,40.01,40.54,4091870,A
2015-06-05,40.54,40.67,40.2,40.31,1760467,A
2015-06-08,40.26,40.35,39.91,39.95,1353411,A
2015-06-09,39.93,40.33,39.8303,40.12,1439015,A
2015-06-10,40.4,40.59,40.27,40.52,1789330,A
2015-06-11,40.57,40.6,40.29,40.53,1576987,A
2015-06-12,40.33,40.49,39.735,39.84,2769551,A
2015-06-15,39.63,39.63,39.25,39.52,2361878,A
2015-06-16,39.59,39.81,39.38,39.79,1422563,A
2015-06-17,39.76,39.8,39.32,39.6,1519421,A
2015-06-18,39.8,40.055,39.72,39.9,1865267,A
2015-06-19,39.8,39.94,39.49,39.49,2658779,A
2015-06-22,39.81,40.01,39.73,39.81,3909250,A
2015-06-23,39.89,39.95,39.42,39.6,2053553,A
2015-06-24,39.47,40.45,39.025,40.19,6127695,A
2015-06-25,39.8,40.52,39.38,40.05,5265822,A
2015-06-26,40.0,40.17,39.775,40.02,3350458,A
2015-06-29,39.6,39.8,38.74,38.74,2516360,A
2015-06-30,39.08,39.19,38.48,38.58,3037436,A
2015-07-01,38.89,39.295,38.75,39.26,4486572,A
2015-07-02,39.36,39.64,39.15,39.58,2160799,A
2015-07-06,39.11,39.66,39.08,39.36,2509428,A
2015-07-07,39.53,39.79,39.1359,39.79,2927761,A
2015-07-08,39.48,39.48,38.71,38.75,3390976,A
2015-07-09,39.27,39.33,38.91,38.92,2237945,A
2015-07-10,39.29,39.44,39.155,39.4,2107093,A
2015-07-13,39.72,40.0,39.54,39.96,1579730,A
2015-07-14,40.05,40.66,39.89,40.49,2801301,A
2015-07-15,40.42,40.52,40.02,40.13,2247745,A
2015-07-16,40.36,40.44,40.12,40.34,1826485,A
2015-07-17,40.2,40.33,39.84,39.95,2412373,A
2015-07-20,40.06,40.13,39.95,40.06,1155252,A
2015-07-21,39.97,40.01,39.54,39.57,1160904,A
2015-07-22,39.29,40.42,39.29,40.33,2949376,A
2015-07-23,40.37,40.37,40.01,40.25,1708801,A
2015-07-24,40.11,40.17,39.22,39.31,1844946,A
2015-07-27,39.04,39.65,38.61,39.61,5261424,A
2015-07-28,40.0,40.47,39.5,40.45,2768225,A
2015-07-29,40.5,40.73,40.24,40.4,2014066,A
2015-07-30,40.26,41.05,40.07,40.97,2440415,A
2015-07-31,41.05,41.14,40.78,40.95,2247715,A
2015-08-03,40.92,41.13,40.58,41.0,2104591,A
2015-08-04,40.94,41.35,40.55,40.62,1448062,A
2015-08-05,40.94,41.19,40.69,40.72,949479,A
2015-08-06,40.95,40.96,39.91,40.12,1932226,A
2015-08-07,40.14,40.2099,39.63,39.99,1513076,A
2015-08-10,40.24,40.64,40.16,40.47,1554542,A
2015-08-11,40.19,40.19,39.3,39.42,1575708,A
2015-08-12,39.05,39.11,38.27,38.89,3440282,A
2015-08-13,38.94,38.94,38.46,38.56,2848895,A
2015-08-14,38.62,38.73,38.32,38.65,2632739,A
2015-08-17,38.36,39.015,38.12,38.82,3302058,A
2015-08-18,39.11,40.35,39.0,39.02,6416891,A
2015-08-19,38.69,38.805,38.3,38.4,2730429,A
2015-08-20,38.01,38.31,37.5,37.51,2145028,A
2015-08-21,37.13,37.495,36.175,36.23,3828206,A
2015-08-24,33.87,36.01,33.57,34.68,4114990,A
2015-08-25,35.68,36.17,34.3,34.36,3802732,A
2015-08-26,35.36,35.7,34.47,35.62,3233814,A
2015-08-27,36.17,36.67,35.89,36.64,2406297,A
2015-08-28,36.45,36.66,36.15,36.51,1783861,A
2015-08-31,36.44,36.5525,35.95,36.31,2554666,A
2015-09-01,35.3,35.58,34.57,34.75,2954093,A
2015-09-02,35.41,35.53,34.88,35.53,2119191,A
2015-09-03,35.61,36.12,35.525,35.75,2140822,A
2015-09-04,35.04,35.51,34.9,35.06,2819027,A
2015-09-08,35.82,36.25,35.51,36.21,1787408,A
2015-09-09,36.5,36.8,35.44,35.54,1885293,A
2015-09-10,35.61,36.04,35.44,35.86,1628726,A
2015-09-11,35.66,35.96,35.44,35.96,1443721,A
2015-09-14,35.92,36.09,35.32,35.55,2223319,A
2015-09-15,35.75,36.295,35.51,36.15,1752721,A
2015-09-16,36.15,36.865,36.06,36.52,2130117,A
2015-09-17,36.63,36.99,36.29,36.4,1819067,A
2015-09-18,35.86,36.22,35.585,35.74,3352296,A
2015-09-21,35.96,36.07,35.41,35.69,2640363,A
2015-09-22,35.19,35.33,34.94,35.05,2283337,A
2015-09-23,35.1,35.24,34.81,34.95,1962552,A
2015-09-24,34.56,34.64,34.15,34.55,2028940,A
2015-09-25,34.7,35.02,34.1,34.45,2730672,A
2015-09-28,34.13,34.27,33.32,33.37,2615440,A
2015-09-29,33.36,34.06,33.245,33.74,2252364,A
2015-09-30,34.08,34.43,33.67,34.33,2545749,A
2015-10-01,34.32,34.48,33.48,33.74,3011460,A
2015-10-02,33.18,34.68,33.115,34.67,3519448,A
2015-10-05,35.04,35.39,34.84,35.34,1675429,A
2015-10-06,35.13,35.21,34.53,34.9,1833679,A
2015-10-07,35.2,35.78,35.1,35.54,3089575,A
2015-10-08,35.39,36.07,35.34,36.01,2598314,A
2015-10-09,35.94,36.34,35.88,36.23,3232938,A
2015-10-12,36.08,36.1786,35.86,35.99,1349866,A
2015-10-13,35.76,36.24,35.53,35.63,2383212,A
2015-10-14,35.64,35.77,34.97,35.05,1647407,A
2015-10-15,35.12,35.68,34.79,35.58,1432995,A
2015-10-16,35.69,36.02,35.37,35.78,1754319,A
2015-10-19,35.69,36.23,35.59,36.23,3685845,A
2015-10-20,36.11,36.52,36.03,36.32,2635777,A
2015-10-21,36.54,36.6,35.8,35.9,2886412,A
2015-10-22,36.03,36.95,36.0,36.09,3696278,A
2015-10-23,36.5,37.27,36.18,37.11,2732645,A
2015-10-26,36.98,37.11,36.686,36.83,1948411,A
2015-10-27,36.67,37.06,36.465,37.05,2557172,A
2015-10-28,37.06,37.61,36.77,37.52,1780126,A
2015-10-29,37.47,37.77,37.28,37.7,1352267,A
2015-10-30,37.72,38.1,37.68,37.76,2194619,A
2015-11-02,37.87,38.62,37.8,38.59,1810869,A
2015-11-03,38.31,38.52,38.16,38.27,1485779,A
2015-11-04,38.33,38.48,38.0,38.34,1569620,A
2015-11-05,38.27,38.5,37.93,38.3,1419963,A
2015-11-06,38.1,38.44,37.98,38.14,1964478,A
2015-11-09,38.04,38.08,37.48,37.92,3109588,A
2015-11-10,37.89,38.175,37.69,37.98,4339800,A
2015-11-11,38.16,38.22,37.65,37.66,1969168,A
2015-11-12,37.36,37.77,37.24,37.49,3096336,A
2015-11-13,37.39,37.57,36.63,36.77,3335092,A
2015-11-16,36.75,37.49,36.6,37.33,2490208,A
2015-11-17,36.5,38.5,36.5,38.38,7679493,A
2015-11-18,38.43,39.36,38.36,39.34,6589609,A
2015-11-19,39.16,39.695,38.31,38.5,7275136,A
2015-11-20,38.78,39.355,38.52,39.28,5447723,A
2015-11-23,39.29,40.07,39.14,40.03,6474141,A
2015-11-24,39.81,40.72,39.73,40.67,5669066,A
2015-11-25,40.59,41.5,40.47,41.34,3797067,A
2015-11-27,41.32,42.2,41.16,41.97,1935738,A
2015-11-30,41.97,42.05,41.61,41.82,3208114,A
2015-12-01,42.16,42.31,41.04,41.06,7989220,A
2015-12-02,41.07,41.46,40.37,40.42,4713210,A
2015-12-03,40.64,40.74,39.95,40.15,3314529,A
2015-12-04,40.23,41.205,40.13,41.1,2519309,A
2015-12-07,40.92,41.1,40.54,40.7,2004492,A
2015-12-08,40.61,41.28,40.42,41.17,4331832,A
2015-12-09,41.25,41.8,40.9125,40.98,4133291,A
2015-12-10,40.96,41.66,40.65,41.25,3709240,A
2015-12-11,40.75,40.75,40.055,40.19,2634362,A
2015-12-14,40.22,40.54,39.9,40.25,2310538,A
2015-12-15,40.75,41.1,40.56,40.81,2195375,A
2015-12-16,41.01,41.57,40.67,41.43,2582642,A
2015-12-17,41.55,41.63,40.77,40.78,2218837,A
2015-12-18,40.56,40.7099,40.08,40.1,3364796,A
2015-12-21,40.51,41.12,40.44,40.83,1735159,A
2015-12-22,41.01,41.33,40.715,41.22,1643172,A
2015-12-23,41.62,41.86,41.39,41.77,1510716,A
2015-12-24,41.79,42.26,41.67,42.14,874549,A
2015-12-28,42.02,42.08,41.52,41.78,1458242,A
2015-12-29,42.08,42.48,41.9201,42.36,1757360,A
2015-12-30,42.36,42.38,42.01,42.17,834358,A
2015-12-31,41.9,42.35,41.715,41.81,1450968,A
2016-01-04,41.06,41.19,40.34,40.69,3287335,A
2016-01-05,40.73,40.95,40.34,40.55,2587246,A
2016-01-06,40.24,40.99,40.05,40.73,2103619,A
2016-01-07,40.14,40.15,38.81,39.0,3504314,A
2016-01-08,39.22,39.705,38.465,38.59,3736768,A
2016-01-11,38.71,38.9,37.41,37.94,2818611,A
2016-01-12,38.43,38.58,37.6462,38.19,1989379,A
2016-01-13,38.35,38.47,36.715,36.86,4206638,A
2016-01-14,36.94,37.8799,36.55,37.61,2893372,A
2016-01-15,36.67,37.56,36.55,37.11,2994386,A
2016-01-19,37.64,37.92,36.79,37.2,2506559,A
2016-01-20,36.68,37.61,36.13,37.26,2469088,A
2016-01-21,37.35,37.83,36.81,37.23,2298372,A
2016-01-22,37.91,38.18,37.58,37.98,1834467,A
2016-01-25,37.4,38.03,37.4,37.61,1831240,A
2016-01-26,37.89,37.96,37.36,37.51,1755032,A
2016-01-27,37.39,37.92,36.81,37.05,1479446,A
2016-01-28,37.27,37.27,36.01,36.11,3479452,A
2016-01-29,36.44,37.69,36.31,37.65,2959863,A
2016-02-01,37.37,37.945,37.0,37.69,2666567,A
2016-02-02,37.18,37.55,36.95,37.07,1742325,A
2016-02-03,37.27,37.36,36.29,37.19,2128426,A
2016-02-04,37.15,37.79,36.97,37.42,2833492,A
2016-02-05,37.26,37.31,35.83,36.04,4424609,A
2016-02-08,35.61,35.78,34.39,34.8,3888601,A
2016-02-09,34.21,35.77,34.15,35.37,3464464,A
2016-02-10,35.63,36.73,35.53,35.85,3169951,A
2016-02-11,35.12,35.61,34.935,35.33,3224004,A
2016-02-12,35.84,36.23,35.52,36.22,3923627,A
2016-02-16,36.72,37.17,36.4,37.08,2903649,A
2016-02-17,35.22,38.13,34.75,37.87,5382312,A
2016-02-18,37.73,37.96,37.09,37.19,2231481,A
2016-02-19,36.98,37.6,36.85,37.44,2339426,A
2016-02-22,37.88,38.19,37.78,38.03,1792962,A
2016-02-23,37.64,37.96,36.95,37.17,1282290,A
2016-02-24,36.65,37.5,36.47,37.48,1454952,A
2016-02-25,37.62,37.71,36.96,37.63,1453515,A
2016-02-26,37.75,37.92,37.44,37.59,944266,A
2016-02-29,37.59,37.7,37.33,37.35,2187500,A
2016-03-01,37.63,38.66,37.61,38.59,2760200,A
2016-03-02,38.49,39.27,38.41,39.04,3612508,A
2016-03-03,38.92,39.23,38.74,39.2,946823,A
2016-03-04,39.14,39.58,39.03,39.34,1124968,A
2016-03-07,39.04,39.68,38.96,39.43,1221574,A
2016-03-08,38.97,39.13,38.01,38.09,1801486,A
2016-03-09,38.31,38.4,37.96,38.13,1614633,A
2016-03-10,38.17,38.51,37.62,37.98,1614998,A
2016-03-11,38.43,39.272,38.32,39.23,1517348,A
2016-03-14,38.98,39.17,38.41,39.02,929638,A
2016-03-15,38.59,38.71,38.08,38.29,1059439,A
2016-03-16,38.09,39.105,38.02,38.98,1956125,A
2016-03-17,39.06,39.44,38.59,39.29,1895669,A
2016-03-18,39.33,40.48,39.27,40.19,2504361,A
2016-03-21,40.07,40.14,39.64,39.65,2172615,A
2016-03-22,39.56,40.04,39.445,39.88,1552312,A
2016-03-23,39.9,39.99,39.37,39.47,1554822,A
2016-03-24,39.16,39.45,38.89,39.43,993627,A
2016-03-28,39.54,39.75,39.14,39.52,1272724,A
2016-03-29,39.35,40.22,39.11,40.16,1091198,A
2016-03-30,40.36,40.58,39.89,40.12,783495,A
2016-03-31,40.01,40.1,39.66,39.85,3143468,A
2016-04-01,39.56,40.38,39.5,40.31,2857844,A
2016-04-04,40.32,40.52,39.8,40.01,2958061,A
2016-04-05,39.73,39.89,39.19,39.26,1900659,A
2016-04-06,39.29,40.25,39.17,40.24,1566612,A
2016-04-07,39.89,40.1,39.25,39.47,1373839,A
2016-04-08,39.69,39.97,39.4,39.54,1106293,A
2016-04-11,39.86,40.0,39.35,39.41,1049336,A
2016-04-12,39.47,39.825,39.34,39.75,992495,A
2016-04-13,39.52,41.0,39.5,40.69,2495340,A
2016-04-14,40.86,41.08,40.53,40.78,1347753,A
2016-04-15,40.77,40.95,40.625,40.91,1442264,A
2016-04-18,40.72,41.45,40.61,41.31,1536678,A
2016-04-19,41.18,41.74,41.13,41.4,1640774,A
2016-04-20,41.42,41.68,41.3,41.52,1243893,A
2016-04-21,41.5,41.995,41.42,41.93,1670389,A
2016-04-22,41.98,41.98,41.55,41.8,1396272,A
2016-04-25,41.71,41.86,41.53,41.63,1500449,A
2016-04-26,41.82,41.88,41.26,41.32,1868970,A
2016-04-27,41.35,41.75,41.04,41.58,1189462,A
2016-04-28,41.25,41.775,41.06,41.18,1549792,A
2016-04-29,40.92,41.04,40.26,40.92,2028332,A
2016-05-02,41.2,41.75,41.13,41.71,1285318,A
2016-05-03,41.32,41.49,40.91,41.24,1333991,A
2016-05-04,40.81,41.2,40.39,40.52,1602991,A
2016-05-05,40.64,41.03,40.51,40.96,1083956,A
2016-05-06,40.86,41.62,40.72,41.43,1403483,A
2016-05-09,41.51,41.78,41.29,41.33,1741539,A
2016-05-10,41.5,42.0,41.35,42.0,2094305,A
2016-05-11,42.19,43.2,42.12,42.46,3328961,A
2016-05-12,42.59,42.94,42.42,42.73,2504924,A
2016-05-13,42.55,42.93,42.39,42.62,2430565,A
2016-05-16,42.61,43.07,42.5,42.94,3979321,A
2016-05-17,44.96,45.34,43.63,44.41,7130371,A
2016-05-18,44.45,44.74,43.99,44.32,3476470,A
2016-05-19,44.07,44.82,43.975,44.56,3660160,A
2016-05-20,44.86,45.22,44.69,44.89,2567686,A
2016-05-23,44.89,44.96,44.53,44.57,1689755,A
2016-05-24,44.76,45.29,44.7,45.03,3236305,A
2016-05-25,45.12,45.61,45.12,45.42,2352424,A
2016-05-26,45.58,45.6,45.2,45.51,2569626,A
2016-05-27,45.55,45.85,45.37,45.82,1823120,A
2016-05-31,45.79,46.0,45.575,45.89,2256373,A
2016-06-01,45.75,46.095,45.45,45.95,1734386,A
2016-06-02,45.91,46.15,45.82,45.9,2209387,A
2016-06-03,45.73,45.85,45.19,45.72,2395816,A
2016-06-06,45.72,46.01,45.72,45.86,2359193,A
2016-06-07,45.81,45.95,45.6099,45.75,1500872,A
2016-06-08,45.75,46.18,45.71,46.15,1552146,A
2016-06-09,45.98,46.18,45.88,46.09,1204415,A
2016-06-10,45.73,45.78,45.19,45.36,1261698,A
2016-06-13,45.32,45.52,44.905,44.92,1272833,A
2016-06-14,44.7,44.945,44.56,44.91,1624087,A
2016-06-15,45.11,45.38,44.9,44.94,2029194,A
2016-06-16,44.72,45.425,44.585,45.37,1784741,A
2016-06-17,45.42,45.42,44.87,45.36,3434813,A
2016-06-20,45.57,46.35,45.57,46.14,3161329,A
2016-06-21,46.21,46.33,45.76,46.16,2112964,A
2016-06-22,46.15,46.47,45.945,46.03,2412064,A
2016-06-23,46.5,46.68,46.39,46.68,1487938,A
2016-06-24,44.56,45.065,43.92,44.12,5263644,A
2016-06-27,43.63,43.71,41.98,42.26,4328364,A
2016-06-28,42.67,43.11,42.155,43.11,4300845,A
2016-06-29,43.55,43.98,43.19,43.76,2402578,A
2016-06-30,43.68,44.4,43.59,44.36,2181066,A
2016-07-01,44.36,44.8,44.31,44.6,1591476,A
2016-07-05,44.31,44.35,43.63,43.75,1813468,A
2016-07-06,43.65,44.55,43.36,44.47,2312133,A
2016-07-07,44.47,44.74,44.18,44.42,1861536,A
2016-07-08,44.86,45.55,44.86,45.48,1838137,A
2016-07-11,45.61,45.77,45.35,45.4,1094683,A
2016-07-12,45.77,46.66,45.64,46.53,2237748,A
2016-07-13,46.64,46.82,46.325,46.41,1852475,A
2016-07-14,46.86,46.98,46.69,46.8,1192500,A
2016-07-15,46.96,46.96,46.55,46.67,1202638,A
2016-07-18,46.6,46.875,46.341,46.8,1362884,A
2016-07-19,46.67,47.0,46.49,46.98,2583860,A
2016-07-20,46.96,47.18,46.82,47.01,2124914,A
2016-07-21,46.98,47.14,46.465,46.67,1226365,A
2016-07-22,46.72,46.79,46.42,46.58,1512440,A
2016-07-25,46.49,46.52,45.92,46.14,1720649,A
2016-07-26,46.21,46.95,45.79,46.95,1792674,A
2016-07-27,47.0,47.46,46.73,47.26,1572573,A
2016-07-28,47.19,47.75,47.02,47.51,1945517,A
2016-07-29,47.49,48.175,47.36,48.11,1881372,A
2016-08-01,48.11,48.11,47.62,47.87,1604639,A
2016-08-02,47.71,47.75,46.97,47.18,1595948,A
2016-08-03,47.1,47.18,46.9,47.09,1508868,A
2016-08-04,47.16,47.33,46.74,46.83,1700182,A
2016-08-05,47.1,47.54,47.1,47.49,1250805,A
2016-08-08,47.57,47.67,47.14,47.23,1311724,A
2016-08-09,47.11,47.625,47.11,47.45,1006170,A
2016-08-10,47.51,47.58,47.21,47.51,754137,A
2016-08-11,47.62,48.19,47.47,48.13,1377024,A
2016-08-12,47.97,48.195,47.7,48.14,1538976,A
2016-08-15,48.17,48.62,48.12,48.44,2323589,A
2016-08-16,48.27,48.54,48.117,48.28,3175994,A
2016-08-17,48.63,48.63,48.08,48.43,3154934,A
2016-08-18,46.88,47.34,46.09,46.72,4660295,A
2016-08-19,46.58,47.79,46.57,47.62,3340438,A
2016-08-22,47.63,47.848,47.38,47.58,1626833,A
2016-08-23,47.73,48.085,47.68,47.82,1645348,A
2016-08-24,47.74,47.82,46.63,46.7,2634707,A
2016-08-25,46.67,47.42,46.61,47.26,2160074,A
2016-08-26,47.41,47.79,47.07,47.32,1581245,A
2016-08-29,47.45,47.89,47.31,47.62,1332975,A
2016-08-30,47.66,47.81,47.08,47.14,2231203,A
2016-08-31,47.12,47.19,46.8075,46.98,1676587,A
2016-09-01,47.03,47.22,46.8075,46.99,1257886,A
2016-09-02,47.23,47.39,46.89,47.0,1424454,A
2016-09-06,46.9,47.11,46.72,46.95,1460928,A
2016-09-07,47.07,47.17,46.86,47.11,1542576,A
2016-09-08,47.07,47.16,46.94,47.02,884738,A
2016-09-09,46.51,46.53,44.87,44.88,2507018,A
2016-09-12,44.59,45.81,44.47,45.75,1835434,A
2016-09-13,45.36,45.42,44.61,44.9,3461832,A
2016-09-14,45.01,45.1,44.6,44.86,1604806,A
2016-09-15,44.86,45.68,44.81,45.44,1733971,A
2016-09-16,45.39,45.39,44.74,44.79,2592850,A
2016-09-19,44.9,45.48,44.86,44.95,1927900,A
2016-09-20,45.33,45.95,45.15,45.71,2333122,A
2016-09-21,45.98,46.25,45.41,46.04,1612736,A
2016-09-22,46.38,46.7,46.29,46.67,1307074,A
2016-09-23,46.43,46.87,46.31,46.61,1957032,A
2016-09-26,46.46,46.77,46.16,46.57,2639060,A
2016-09-27,46.53,46.71,46.23,46.7,1587143,A
2016-09-28,46.9,47.26,46.52,47.18,1502533,A
2016-09-29,47.05,47.27,46.14,46.41,1938218,A
2016-09-30,46.5,47.315,46.3,47.09,1754316,A
2016-10-03,46.82,47.23,46.82,47.14,1539625,A
2016-10-04,47.07,47.3,46.67,46.83,1763985,A
2016-10-05,47.04,47.31,46.9275,47.15,1432268,A
2016-10-06,47.01,47.43,46.88,47.3,1772801,A
2016-10-07,47.33,47.49,46.99,47.38,1663127,A
2016-10-10,47.58,48.15,47.55,47.69,1544958,A
2016-10-11,47.19,47.19,45.42,45.69,2912537,A
2016-10-12,45.78,45.815,45.42,45.47,1736076,A
2016-10-13,44.84,45.32,44.755,45.16,1336023,A
2016-10-14,45.38,45.62,45.08,45.08,997137,A
2016-10-17,45.08,45.47,44.9999,45.15,1160321,A
2016-10-18,45.7,45.83,45.27,45.44,1949108,A
2016-10-19,45.41,46.15,45.34,46.02,1769090,A
2016-10-20,46.0,46.215,45.65,46.05,1493608,A
2016-10-21,45.67,45.67,45.29,45.57,1011340,A
2016-10-24,45.88,45.95,45.64,45.85,1666388,A
2016-10-25,45.26,45.59,43.17,43.51,3949609,A
2016-10-26,43.42,43.82,43.24,43.37,2146178,A
2016-10-27,43.97,44.19,43.35,43.38,2393625,A
2016-10-28,43.38,43.87,43.11,43.22,1471348,A
2016-10-31,43.33,43.7,43.18,43.57,1556762,A
2016-11-01,43.73,44.11,43.14,43.49,2133116,A
2016-11-02,43.47,43.73,43.24,43.26,2240428,A
2016-11-03,43.33,44.0,43.18,43.66,2510054,A
2016-11-04,43.69,44.915,43.69,44.32,2220908,A
2016-11-07,44.99,45.76,44.95,45.71,1723957,A
2016-11-08,45.48,45.9599,45.32,45.62,2136740,A
2016-11-09,45.41,46.09,44.49,45.94,3501243,A
2016-11-10,46.6,47.38,46.34,47.03,2558722,A
2016-11-11,46.77,46.87,46.21,46.37,2219255,A
2016-11-14,46.66,46.73,45.18,45.33,3443200,A
2016-11-15,45.33,46.0,44.95,45.4,4710170,A
2016-11-16,46.3,47.8,46.15,46.18,4026754,A
2016-11-17,46.16,46.16,45.55,45.94,2070609,A
2016-11-18,45.91,46.2,45.01,45.04,3148538,A
2016-11-21,45.22,45.24,44.65,44.97,2540067,A
2016-11-22,44.94,45.16,43.77,44.46,2831226,A
2016-11-23,44.18,44.78,43.97,44.65,1926275,A
2016-11-25,44.74,45.005,44.62,44.89,877140,A
2016-11-28,44.52,44.69,43.58,43.6,2241795,A
2016-11-29,43.6,44.63,43.52,44.48,1952118,A
2016-11-30,44.79,44.9,43.94,43.98,2238575,A
2016-12-01,44.08,44.1,42.92,43.21,2823273,A
2016-12-02,43.27,44.09,43.27,44.03,2153515,A
2016-12-05,44.21,44.69,44.21,44.53,2495020,A
2016-12-06,44.58,44.9,44.2,44.84,1136658,A
2016-12-07,44.56,44.99,44.11,44.99,1815238,A
2016-12-08,44.99,45.83,44.77,45.8,1848936,A
2016-12-09,45.91,46.32,45.85,46.3,1937622,A
2016-12-12,46.18,46.75,46.11,46.14,1851517,A
2016-12-13,46.31,46.61,46.16,46.39,1734678,A
2016-12-14,46.43,46.79,46.0,46.14,2044052,A
2016-12-15,46.08,46.77,45.9201,46.56,1338905,A
2016-12-16,46.61,46.92,45.81,45.91,2103155,A
2016-12-19,45.89,46.22,45.36,45.43,1084164,A
2016-12-20,45.75,46.31,45.54,46.21,1552366,A
2016-12-21,46.21,46.36,45.86,46.04,1652288,A
2016-12-22,45.93,46.13,45.8,45.97,968296,A
2016-12-23,46.08,46.23,45.93,46.2,727682,A
2016-12-27,46.37,46.655,46.32,46.51,1535489,A
2016-12-28,46.51,46.7,45.68,45.72,1177275,A
2016-12-29,45.68,46.0,45.57,45.64,891398,A
2016-12-30,45.76,45.82,45.375,45.56,1216100,A
2017-01-03,45.93,46.75,45.74,46.49,1739726,A
2017-01-04,46.93,47.38,46.8162,47.1,1821264,A
2017-01-05,47.05,47.07,46.355,46.54,1503763,A
2017-01-06,46.63,48.07,46.56,47.99,2883483,A
2017-01-09,48.01,48.555,47.905,48.14,2575328,A
2017-01-10,48.34,48.54,47.82,48.1,1560549,A
2017-01-11,48.03,49.48,47.95,49.25,5624332,A
2017-01-12,48.9,48.9,47.98,48.52,3276952,A
2017-01-13,48.6,48.85,48.41,48.69,1568923,A
2017-01-17,48.37,48.715,48.175,48.32,1939449,A
2017-01-18,48.67,48.73,48.0,48.25,1523508,A
2017-01-19,48.04,48.09,47.51,47.64,1346142,A
2017-01-20,47.83,47.93,47.4139,47.62,1701695,A
2017-01-23,47.6,47.83,47.23,47.39,2013878,A
2017-01-24,47.77,48.21,47.05,47.35,2741915,A
2017-01-25,47.6,48.42,47.41,48.41,3073228,A
2017-01-26,48.42,48.43,47.915,48.17,1895562,A
2017-01-27,48.32,48.825,48.3,48.65,1527822,A
2017-01-30,48.48,48.55,47.385,47.67,2266487,A
2017-01-31,48.04,49.145,48.01,48.97,2552612,A
2017-02-01,48.93,49.81,48.68,49.26,2244604,A
2017-02-02,48.88,49.0,48.47,48.9,1352525,A
2017-02-03,49.09,49.47,49.06,49.38,1191855,A
2017-02-06,49.13,49.38,48.96,49.27,952095,A
2017-02-07,49.42,49.78,49.26,49.64,2170720,A
2017-02-08,49.37,50.03,49.23,49.93,2107079,A
2017-02-09,50.1,50.8,50.0,50.47,2557747,A
2017-02-10,50.51,50.59,50.02,50.36,2092479,A
2017-02-13,50.63,50.89,50.42,50.52,1568350,A
2017-02-14,50.24,50.68,50.09,50.39,3546878,A
2017-02-15,51.14,51.84,50.62,51.62,5724488,A
2017-02-16,51.68,51.68,50.56,50.84,2550439,A
2017-02-17,50.65,51.64,50.58,51.63,2195788,A
2017-02-21,51.66,51.8,51.17,51.35,2036993,A
2017-02-22,51.31,51.723,51.19,51.34,1632886,A
2017-02-23,51.44,51.6,51.2,51.47,1006867,A
2017-02-24,51.38,51.83,51.33,51.74,1612698,A
2017-02-27,51.74,51.94,51.46,51.66,1195138,A
2017-02-28,51.52,51.65,51.23,51.3,1417772,A
2017-03-01,51.62,52.26,51.62,52.04,2026600,A
2017-03-02,52.04,52.08,51.33,51.38,1706500,A
2017-03-03,51.38,52.04,51.15,51.98,1824423,A
2017-03-06,51.64,51.82,51.175,51.25,1884477,A
2017-03-07,51.06,51.445,50.86,51.21,2233561,A
2017-03-08,51.26,51.565,50.95,51.41,1517642,A
2017-03-09,51.42,51.58,51.13,51.43,1259407,A
2017-03-10,51.69,52.355,51.48,52.15,1860508,A
2017-03-13,52.14,52.46,51.99,52.45,1376191,A
2017-03-14,52.24,52.26,51.96,52.21,1203368,A
2017-03-15,53.31,54.82,53.02,54.1,4117983,A
2017-03-16,53.43,54.05,52.83,53.05,2676915,A
2017-03-17,53.06,53.53,52.92,53.31,1936902,A
2017-03-20,53.33,53.63,53.0,53.15,1221409,A
2017-03-21,53.28,53.7335,52.48,52.66,1492698,A
2017-03-22,52.79,53.47,52.65,53.13,1257072,A
2017-03-23,53.04,53.78,52.72,53.18,1717929,A
2017-03-24,54.05,54.05,52.84,53.08,2015289,A
2017-03-27,52.6,53.34,52.42,53.24,1446568,A
2017-03-28,53.29,53.61,53.095,53.44,1312688,A
2017-03-29,53.26,53.42,52.78,53.12,1469882,A
2017-03-30,53.06,53.425,52.9,53.32,1627592,A
2017-03-31,53.07,53.23,52.81,52.87,1705625,A
2017-04-03,52.9,53.21,52.73,53.2,1550227,A
2017-04-04,53.2,53.24,52.48,52.62,2017094,A
2017-04-05,52.72,53.22,52.695,52.71,1778251,A
2017-04-06,52.7,53.23,52.26,53.15,1548170,A
2017-04-07,53.07,53.07,52.7,52.84,1243550,A
2017-04-10,52.9,53.26,52.68,52.72,1025248,A
2017-04-11,52.7,52.9,52.37,52.83,1520703,A
2017-04-12,52.85,53.03,52.47,52.55,1258152,A
2017-04-13,52.43,52.74,52.31,52.33,863990,A
2017-04-17,52.63,53.705,52.43,53.46,1569436,A
2017-04-18,53.02,53.6,52.68,53.03,1241164,A
2017-04-19,53.35,53.42,52.95,53.07,2096351,A
2017-04-20,53.33,53.4,52.79,53.13,1569985,A
2017-04-21,53.26,53.39,52.8399,53.27,2189351,A
2017-04-24,53.93,54.525,53.91,54.44,2257682,A
2017-04-25,54.75,55.19,54.51,54.81,2181857,A
2017-04-26,55.0,55.33,54.805,54.83,1834961,A
2017-04-27,54.93,55.505,54.83,55.43,1529024,A
2017-04-28,55.31,55.35,54.835,55.05,3078163,A
2017-05-01,55.5,55.99,55.36,55.8,1897018,A
2017-05-02,55.85,55.97,55.51,55.93,1693069,A
2017-05-03,55.68,56.2575,55.61,56.16,1702565,A
2017-05-04,56.2,56.75,56.16,56.7,2615560,A
2017-05-05,56.85,56.96,56.59,56.64,1571536,A
2017-05-08,56.65,56.82,55.93,56.32,2189984,A
2017-05-09,56.42,56.89,56.29,56.87,1559975,A
2017-05-10,56.85,56.94,56.08,56.27,1566289,A
2017-05-11,56.13,56.38,55.8,56.23,1347633,A
2017-05-12,56.16,56.4,55.96,56.16,1578292,A
2017-05-15,56.07,56.76,56.01,56.7,1472226,A
2017-05-16,58.38,58.38,56.45,56.83,1032600,A
2017-05-17,56.31,56.37,55.67,55.77,1839737,A
2017-05-18,55.9,56.27,55.6,55.85,1934996,A
2017-05-19,56.09,56.32,55.86,56.13,1654441,A
2017-05-22,56.52,56.52,55.85,56.08,4264780,A
2017-05-23,59.8,59.98,58.0,58.66,7510578,A
2017-05-24,58.5,59.34,58.0725,59.23,4105470,A
2017-05-25,59.53,59.7,58.92,59.3,2772812,A
2017-05-26,59.23,59.72,59.041,59.51,1535237,A
2017-05-30,59.54,60.48,59.41,60.37,2576416,A
2017-05-31,59.45,60.81,59.45,60.34,2552411,A
2017-06-01,60.01,60.77,59.81,60.73,2100441,A
2017-06-02,60.8,61.15,60.76,60.81,1666245,A
2017-06-05,60.8,60.84,60.33,60.4,1473282,A
2017-06-06,60.14,60.545,60.1,60.1,1968022,A
2017-06-07,60.26,60.765,59.98,60.63,1617604,A
2017-06-08,60.62,60.725,59.71,60.15,3486602,A
2017-06-09,60.31,60.45,59.13,59.21,2352814,A
2017-06-12,59.14,59.41,57.92,58.99,2579658,A
2017-06-13,59.07,59.64,58.93,59.28,1527210,A
2017-06-14,59.54,59.78,59.05,59.38,1203468,A
2017-06-15,59.22,59.29,58.82,59.21,1092596,A
2017-06-16,59.37,59.79,59.235,59.51,2157514,A
2017-06-19,59.58,60.67,59.58,60.55,2383659,A
2017-06-20,60.55,60.92,60.295,60.33,1821710,A
2017-06-21,60.31,60.53,59.67,59.79,2247944,A
2017-06-22,59.94,60.8,59.61,60.61,3473861,A
2017-06-23,60.59,60.59,59.5001,59.77,2879785,A
2017-06-26,59.79,59.95,59.15,59.24,1535542,A
2017-06-27,59.13,59.57,58.84,58.88,1060391,A
2017-06-28,59.27,59.7,59.2,59.4,1191537,A
2017-06-29,59.35,59.63,58.49,58.8,1357538,A
2017-06-30,59.0,59.57,58.835,59.31,1593786,A
2017-07-03,59.59,59.98,59.13,59.13,1489574,A
2017-07-05,59.19,60.05,59.19,59.77,1638980,A
2017-07-06,59.46,59.77,59.07,59.22,2249516,A
2017-07-07,59.53,60.07,59.33,59.63,965439,A
2017-07-10,59.48,60.045,59.38,59.86,1146033,A
2017-07-11,59.99,60.16,59.46,59.8,2976519,A
2017-07-12,60.33,60.99,60.16,60.73,1439395,A
2017-07-13,61.25,61.31,60.67,61.19,2060109,A
2017-07-14,61.28,61.655,60.915,61.52,1286073,A
2017-07-17,61.6,61.84,61.4,61.55,1332751,A
2017-07-18,61.43,61.54,60.95,61.21,1520122,A
2017-07-19,61.32,61.64,61.17,61.38,1512177,A
2017-07-20,61.45,61.55,60.81,60.98,2009405,A
2017-07-21,60.83,61.6,60.76,61.37,1283236,A
2017-07-24,61.38,61.58,61.25,61.5,973808,A
2017-07-25,61.57,61.66,60.38,60.54,1691988,A
2017-07-26,60.58,60.81,59.39,59.72,2520698,A
2017-07-27,59.82,60.24,59.6,59.91,1944962,A
2017-07-28,59.91,60.23,59.61,60.08,1236434,A
2017-07-31,60.32,60.62,59.76,59.79,1043729,A
2017-08-01,60.04,60.2899,59.805,59.94,1324251,A
2017-08-02,60.0,60.33,59.52,60.2,1121566,A
2017-08-03,60.15,60.44,59.97,60.37,983246,A
2017-08-04,60.52,60.74,60.01,60.13,778762,A
2017-08-07,60.16,60.89,60.005,60.87,975738,A
2017-08-08,60.67,60.98,60.08,60.14,1162440,A
2017-08-09,60.07,60.23,59.38,59.68,1965048,A
2017-08-10,59.35,59.5,58.22,58.57,2471473,A
2017-08-11,58.7,59.7,58.69,59.33,1511552,A
2017-08-14,59.8,60.04,59.55,59.62,2409765,A
2017-08-15,59.7,59.88,59.11,59.38,2933295,A
2017-08-16,62.15,62.42,60.76,62.14,6892023,A
2017-08-17,62.0,62.07,60.78,60.86,3501640,A
2017-08-18,60.76,61.72,60.28,61.25,2357872,A
2017-08-21,61.09,62.0,60.96,61.74,1486144,A
2017-08-22,61.87,63.02,61.85,62.96,1666369,A
2017-08-23,62.72,63.365,62.6,62.77,1445677,A
2017-08-24,62.87,63.15,62.35,62.68,1584503,A
2017-08-25,63.06,63.14,62.67,62.9,1352761,A
2017-08-28,63.1,63.575,62.97,63.46,1290434,A
2017-08-29,63.04,63.63,63.021,63.49,1206649,A
2017-08-30,63.4,63.93,63.39,63.9,1072530,A
2017-08-31,64.0,64.83,63.9,64.72,1930071,A
2017-09-01,64.9,65.18,64.21,64.38,1224667,A
2017-09-05,64.02,64.48,63.81,64.29,910613,A
2017-09-06,64.56,64.81,64.05,64.71,974511,A
2017-09-07,64.85,65.245,64.49,65.14,1075757,A
2017-09-08,65.15,65.68,64.83,65.02,1588439,A
2017-09-11,65.5,66.27,65.38,66.11,1770025,A
2017-09-12,66.27,66.42,65.89,66.14,1082149,A
2017-09-13,65.91,66.22,65.41,65.44,2042563,A
2017-09-14,65.31,65.87,65.16,65.68,1481022,A
2017-09-15,65.68,66.13,65.62,65.96,2295974,A
2017-09-18,66.09,66.3,65.7,66.08,1562007,A
2017-09-19,66.25,66.45,66.0,66.17,1238004,A
2017-09-20,66.31,66.36,65.77,66.09,1186007,A
2017-09-21,65.88,66.14,65.63,65.92,874785,A
2017-09-22,65.85,66.27,65.71,65.78,1296244,A
2017-09-25,65.8,65.9,64.44,64.73,1841833,A
2017-09-26,64.65,64.9,63.91,64.11,1615338,A
2017-09-27,64.27,64.66,64.05,64.39,1272526,A
2017-09-28,64.25,64.62,63.97,63.98,1126243,A
2017-09-29,64.0,64.275,63.72,64.2,1672816,A
2017-10-02,64.29,65.07,64.21,64.87,1693854,A
2017-10-03,65.06,65.78,65.06,65.15,1216981,A
2017-10-04,65.15,65.87,65.15,65.83,745628,A
2017-10-05,65.85,65.99,65.52,65.7,1974081,A
2017-10-06,65.68,66.38,65.66,66.36,1405100,A
2017-10-09,66.49,66.77,66.02,66.56,1542307,A
2017-10-10,66.68,66.86,66.22,66.6,1143075,A
2017-10-11,66.68,66.97,66.34,66.62,1794800,A
2017-10-12,66.65,67.6,66.54,67.54,1454994,A
2017-10-13,67.63,67.82,66.89,66.99,943164,A
2017-10-16,67.2,67.37,66.77,66.91,1473459,A
2017-10-17,66.68,66.68,65.99,66.12,1711833,A
2017-10-18,66.38,66.585,66.07,66.44,1150468,A
2017-10-19,66.44,66.975,66.06,66.88,1359119,A
2017-10-20,67.19,67.53,67.07,67.25,1506112,A
2017-10-23,67.45,67.68,66.93,67.02,1267570,A
2017-10-24,67.31,67.55,66.88,67.32,1975704,A
2017-10-25,67.9,68.52,67.03,67.39,1590537,A
2017-10-26,67.53,67.83,67.2,67.71,1418152,A
2017-10-27,67.81,68.01,67.41,67.97,1440996,A
2017-10-30,67.8,67.93,67.1,67.49,846605,A
2017-10-31,67.74,68.17,67.54,68.03,1614432,A
2017-11-01,68.2,68.44,67.84,68.02,1357998,A
2017-11-02,68.08,68.38,67.81,68.13,1856865,A
2017-11-03,68.09,68.67,68.01,68.37,1072288,A
2017-11-06,68.27,68.45,67.87,68.22,995731,A
2017-11-07,68.32,68.64,68.04,68.25,956466,A
2017-11-08,68.1,68.33,67.771,68.11,977616,A
2017-11-09,67.92,67.98,66.91,67.47,1665042,A
2017-11-10,69.22,69.49,69.17,69.31,1439275,A
2017-11-13,66.45,67.39,66.25,67.13,1536388,A
2017-11-14,66.98,67.8,66.89,67.46,2426247,A
2017-11-15,67.29,67.56,66.91,67.31,2042296,A
2017-11-16,67.5,68.95,67.45,68.74,2300408,A
2017-11-17,68.53,69.09,68.29,68.79,1823122,A
2017-11-20,69.28,70.23,68.95,69.96,4143453,A
2017-11-21,70.05,70.81,67.7,69.91,5330554,A
2017-11-22,69.14,69.37,68.3,68.69,3041728,A
2017-11-24,68.84,69.39,68.78,69.36,1015411,A
2017-11-27,69.22,69.49,69.17,69.31,1439275,A
2017-11-28,69.56,70.93,69.42,70.59,2473433,A
2017-11-29,70.5,70.84,68.45,68.69,1904175,A
2017-11-30,68.97,69.59,68.21,69.24,1922514,A
2017-12-01,69.19,70.0,67.23,68.69,2516564,A
2017-12-04,68.94,69.17,66.18,66.24,2899424,A
2017-12-05,66.2,67.0,65.73,65.83,2383974,A
2017-12-06,65.88,66.25,65.601,65.89,1690108,A
2017-12-07,65.91,66.8811,65.77,66.71,2294513,A
2017-12-08,66.94,67.5468,66.6523,67.38,2195577,A
2017-12-11,67.43,67.75,66.48,67.0,2438556,A
2017-12-12,67.0,67.16,66.5,67.06,2180984,A
2017-12-13,67.23,67.66,66.64,66.68,1684618,A
2017-12-14,66.93,67.09,66.37,66.51,1774564,A
2017-12-15,66.88,67.86,66.69,67.61,2871925,A
2017-12-18,68.24,68.51,67.48,67.66,2306264,A
2017-12-19,67.71,68.05,67.49,67.75,1469439,A
2017-12-20,68.04,68.14,67.16,67.4,1363529,A
2017-12-21,67.58,67.87,67.2679,67.52,1502218,A
2017-12-22,67.46,67.5399,66.86,67.35,1221315,A
2017-12-26,67.31,67.45,67.05,67.25,532863,A
2017-12-27,67.21,67.46,67.15,67.3,1038585,A
2017-12-28,67.44,67.48,67.02,67.45,607022,A
2017-12-29,67.5,67.58,66.93,66.97,1064895,A
2018-01-02,67.42,67.89,67.34,67.6,1047830,A
2018-01-03,67.62,69.49,67.6,69.32,1698899,A
2018-01-04,69.54,69.82,68.78,68.8,2231534,A
2018-01-05,68.73,70.1,68.73,69.9,1632512,A
2018-01-08,69.73,70.33,69.545,70.05,1613911,A
2018-01-09,70.68,72.33,70.17,71.77,2666711,A
2018-01-10,71.45,71.45,70.11,70.79,2957184,A
2018-01-11,70.92,71.18,70.3,70.8,1511134,A
2018-01-12,70.73,71.86,70.5,71.73,1448155,A
2018-01-16,72.02,72.47,71.06,71.23,1703398,A
2018-01-17,71.72,72.31,71.59,72.06,1824511,A
2018-01-18,72.2,72.5,71.67,72.19,1828309,A
2018-01-19,72.48,73.215,72.06,73.07,2266103,A
2018-01-22,73.17,73.55,72.6,73.48,1963669,A
2018-01-23,74.05,74.075,73.25,73.44,1213446,A
2018-01-24,73.66,73.86,73.05,73.58,1754331,A
2018-01-25,74.17,74.49,73.65,73.86,1664109,A
2018-01-26,74.3,74.83,73.59,74.82,2386914,A
2018-01-29,74.48,75.0,74.3,74.53,1321854,A
2018-01-30,73.99,74.08,72.93,72.99,1816966,A
2018-01-31,73.77,74.39,73.24,73.43,2032808,A
2018-02-01,73.18,73.78,72.51,72.83,2008177,A
2018-02-02,72.32,72.76,71.22,71.25,1955697,A
2018-02-05,70.86,71.48,68.18,68.22,2860726,A
2018-02-06,66.96,68.83,66.13,68.45,4121239,A
2018-02-07,68.19,69.085,67.905,68.06,1988391,A
